"player","score","minutes","pm","tags","pops","grabs","drops","hold","captures","prevent","returns","pups","pupscomp","flaccids","longholds","handoff","goodhandoff","goregrab","coregrab","gohandoff","cohandoff","retinbase","quickret","saves","holdagainst","season","scpm","success_rate","tpm","poppm","droppm","gpm","hpm","cpm","ppm","rpm","pupm","kdr","limp","LHpm","handpm","GHpm","gorepm","corepm","copm","inbasepm","quickpm","savepm","HApm","cap_per","position"
"RacgiMan",1153,280,32,364,329,251,222,1287,24,2576,303,68,612,84,7,66,38,43,3,31,1,108,91,2,7575,"20",4.11785714285714,0.114285714285714,1.3,1.175,0.792857142857143,0.896428571428571,4.59642857142857,0.0857142857142857,9.2,1.08214285714286,0.242857142857143,1.1063829787234,0.3,0.025,0.235714285714286,0.135714285714286,0.153571428571429,0.0107142857142857,0.00357142857142857,0.385714285714286,0.325,0.00714285714285714,27.0535714285714,9.56175298804781,"Defense"
"Luka Doncic",980,280,32,263,388,321,287,1897,32,1943,231,62,612,106,12,90,56,65,10,42,5,91,81,5,7575,"20",3.5,0.114285714285714,0.939285714285714,1.38571428571429,1.025,1.14642857142857,6.775,0.114285714285714,6.93928571428571,0.825,0.221428571428571,0.677835051546392,0.378571428571429,0.0428571428571429,0.321428571428571,0.2,0.232142857142857,0.0357142857142857,0.0178571428571429,0.325,0.289285714285714,0.0178571428571429,27.0535714285714,9.96884735202492,"Defense"
"Eashy",660,200,-46,255,172,96,92,569,4,3147,237,55,432,29,8,30,20,25,2,13,0,102,93,3,5639,"20",3.3,-0.23,1.275,0.86,0.46,0.48,2.845,0.02,15.735,1.185,0.275,1.48255813953488,0.145,0.04,0.15,0.1,0.125,0.01,0,0.51,0.465,0.015,28.195,4.16666666666667,"Defense"
"Dr. Hat",1156,280,-31,395,361,268,248,1727,18,3394,332,91,612,83,14,76,49,64,7,23,1,154,133,3,7579,"20",4.12857142857143,-0.110714285714286,1.41071428571429,1.28928571428571,0.885714285714286,0.957142857142857,6.16785714285714,0.0642857142857143,12.1214285714286,1.18571428571429,0.325,1.09418282548476,0.296428571428571,0.05,0.271428571428571,0.175,0.228571428571429,0.025,0.00357142857142857,0.55,0.475,0.0107142857142857,27.0678571428571,6.71641791044776,"Defense"
"Abe Lincoln",1091,280,-25,351,371,305,278,2050,24,2369,283,82,612,90,14,98,70,58,4,25,3,114,102,5,7657,"20",3.89642857142857,-0.0892857142857143,1.25357142857143,1.325,0.992857142857143,1.08928571428571,7.32142857142857,0.0857142857142857,8.46071428571429,1.01071428571429,0.292857142857143,0.946091644204852,0.321428571428571,0.05,0.35,0.25,0.207142857142857,0.0142857142857143,0.0107142857142857,0.407142857142857,0.364285714285714,0.0178571428571429,27.3464285714286,7.86885245901639,"Defense"
"Pandora",1165,279,56,363,217,119,107,485,10,5002,313,76,612,52,1,28,18,32,4,12,0,134,126,0,6583,"20",4.17562724014337,0.200716845878136,1.3010752688172,0.777777777777778,0.383512544802867,0.426523297491039,1.73835125448029,0.03584229390681,17.9283154121864,1.12186379928315,0.272401433691756,1.67281105990783,0.186379928315412,0.003584229390681,0.100358422939068,0.0645161290322581,0.114695340501792,0.014336917562724,0,0.480286738351254,0.451612903225806,0,23.594982078853,8.40336134453782,"Defense"
"Doris",1189,280,3,424,247,151,139,996,10,4090,362,85,612,38,10,45,29,47,5,17,1,170,158,1,7211,"20",4.24642857142857,0.0107142857142857,1.51428571428571,0.882142857142857,0.496428571428571,0.539285714285714,3.55714285714286,0.0357142857142857,14.6071428571429,1.29285714285714,0.303571428571429,1.7165991902834,0.135714285714286,0.0357142857142857,0.160714285714286,0.103571428571429,0.167857142857143,0.0178571428571429,0.00357142857142857,0.607142857142857,0.564285714285714,0.00357142857142857,25.7535714285714,6.62251655629139,"Defense"
"sass",1042,280,-6,298,226,157,146,870,8,4427,243,79,612,48,7,49,29,39,3,13,0,113,102,1,7272,"20",3.72142857142857,-0.0214285714285714,1.06428571428571,0.807142857142857,0.521428571428571,0.560714285714286,3.10714285714286,0.0285714285714286,15.8107142857143,0.867857142857143,0.282142857142857,1.31858407079646,0.171428571428571,0.025,0.175,0.103571428571429,0.139285714285714,0.0107142857142857,0,0.403571428571429,0.364285714285714,0.00357142857142857,25.9714285714286,5.09554140127389,"Defense"
"Cheetosrule",1263,280,29,424,288,158,137,940,19,4223,338,97,612,49,9,44,30,29,5,12,2,180,153,2,6631,"20",4.51071428571429,0.103571428571429,1.51428571428571,1.02857142857143,0.489285714285714,0.564285714285714,3.35714285714286,0.0678571428571429,15.0821428571429,1.20714285714286,0.346428571428571,1.47222222222222,0.175,0.0321428571428571,0.157142857142857,0.107142857142857,0.103571428571429,0.0178571428571429,0.00714285714285714,0.642857142857143,0.546428571428571,0.00714285714285714,23.6821428571429,12.0253164556962,"Defense"
"CB13",982,240,-25,334,195,125,118,667,6,3142,276,93,522,43,3,23,11,25,0,23,1,125,103,1,6018,"20",4.09166666666667,-0.104166666666667,1.39166666666667,0.8125,0.491666666666667,0.520833333333333,2.77916666666667,0.025,13.0916666666667,1.15,0.3875,1.71282051282051,0.179166666666667,0.0125,0.0958333333333333,0.0458333333333333,0.104166666666667,0,0.00416666666666667,0.520833333333333,0.429166666666667,0.00416666666666667,25.075,4.8,"Defense"
"Curry",1128,280,29,391,249,150,138,877,12,4797,328,56,612,56,9,40,25,37,6,10,1,161,140,1,6631,"20",4.02857142857143,0.103571428571429,1.39642857142857,0.889285714285714,0.492857142857143,0.535714285714286,3.13214285714286,0.0428571428571429,17.1321428571429,1.17142857142857,0.2,1.57028112449799,0.2,0.0321428571428571,0.142857142857143,0.0892857142857143,0.132142857142857,0.0214285714285714,0.00357142857142857,0.575,0.5,0.00357142857142857,23.6821428571429,8,"Defense"
"Misaki",691,200,-67,254,218,117,111,686,5,2836,219,50,450,46,8,33,22,21,0,14,2,105,95,4,5437,"20",3.455,-0.335,1.27,1.09,0.555,0.585,3.43,0.025,14.18,1.095,0.25,1.1651376146789,0.23,0.04,0.165,0.11,0.105,0,0.01,0.525,0.475,0.02,27.185,4.27350427350427,"Defense"
"BALLDON'TLIE",1317,280,23,423,232,168,150,1193,16,4103,343,127,612,51,12,47,29,27,6,19,1,154,140,0,7198,"20",4.70357142857143,0.0821428571428571,1.51071428571429,0.828571428571429,0.535714285714286,0.6,4.26071428571429,0.0571428571428571,14.6535714285714,1.225,0.453571428571429,1.82327586206897,0.182142857142857,0.0428571428571429,0.167857142857143,0.103571428571429,0.0964285714285714,0.0214285714285714,0.00357142857142857,0.55,0.5,0,25.7071428571429,9.52380952380952,"Defense"
"Epiphany",1146,280,35,359,239,120,109,824,11,3676,286,91,612,44,8,34,23,30,6,11,1,134,103,0,7543,"20",4.09285714285714,0.125,1.28214285714286,0.853571428571429,0.389285714285714,0.428571428571429,2.94285714285714,0.0392857142857143,13.1285714285714,1.02142857142857,0.325,1.5020920502092,0.157142857142857,0.0285714285714286,0.121428571428571,0.0821428571428571,0.107142857142857,0.0214285714285714,0.00357142857142857,0.478571428571429,0.367857142857143,0,26.9392857142857,9.16666666666667,"Defense"
"badger",1279,280,35,419,304,247,223,1535,18,2834,334,98,612,88,18,60,40,37,5,22,0,139,121,5,7543,"20",4.56785714285714,0.125,1.49642857142857,1.08571428571429,0.796428571428571,0.882142857142857,5.48214285714286,0.0642857142857143,10.1214285714286,1.19285714285714,0.35,1.37828947368421,0.314285714285714,0.0642857142857143,0.214285714285714,0.142857142857143,0.132142857142857,0.0178571428571429,0,0.496428571428571,0.432142857142857,0.0178571428571429,26.9392857142857,7.28744939271255,"Defense"
"YISS",1036,280,23,379,230,122,112,531,8,4418,336,48,612,46,0,25,20,41,2,9,1,159,132,4,7198,"20",3.7,0.0821428571428571,1.35357142857143,0.821428571428571,0.4,0.435714285714286,1.89642857142857,0.0285714285714286,15.7785714285714,1.2,0.171428571428571,1.64782608695652,0.164285714285714,0,0.0892857142857143,0.0714285714285714,0.146428571428571,0.00714285714285714,0.00357142857142857,0.567857142857143,0.471428571428571,0.0142857142857143,25.7071428571429,6.55737704918033,"Defense"
"grumpy",969,240,12,296,164,94,81,584,11,4066,259,48,522,22,1,25,17,31,6,8,1,124,119,2,6163,"20",4.0375,0.05,1.23333333333333,0.683333333333333,0.3375,0.391666666666667,2.43333333333333,0.0458333333333333,16.9416666666667,1.07916666666667,0.2,1.80487804878049,0.0916666666666667,0.00416666666666667,0.104166666666667,0.0708333333333333,0.129166666666667,0.025,0.00416666666666667,0.516666666666667,0.495833333333333,0.00833333333333333,25.6791666666667,11.7021276595745,"Defense"
"Armbranch",1119,280,-44,393,234,112,104,524,7,4088,339,87,612,42,1,41,29,35,2,14,2,160,145,0,7843,"20",3.99642857142857,-0.157142857142857,1.40357142857143,0.835714285714286,0.371428571428571,0.4,1.87142857142857,0.025,14.6,1.21071428571429,0.310714285714286,1.67948717948718,0.15,0.00357142857142857,0.146428571428571,0.103571428571429,0.125,0.00714285714285714,0.00714285714285714,0.571428571428571,0.517857142857143,0,28.0107142857143,6.25,"Defense"
"PingPrisoner",827,200,-8,319,58,10,9,48,1,3845,281,49,432,3,0,2,1,0,0,1,1,145,143,1,4914,"20",4.135,-0.04,1.595,0.29,0.045,0.05,0.24,0.005,19.225,1.405,0.245,5.5,0.015,0,0.01,0.005,0,0,0.005,0.725,0.715,0.005,24.57,10,"Defense"
"Bamboozler",977,280,-44,309,341,268,252,1585,12,2819,262,80,612,107,19,80,47,61,3,27,1,82,69,6,7843,"20",3.48928571428571,-0.157142857142857,1.10357142857143,1.21785714285714,0.9,0.957142857142857,5.66071428571429,0.0428571428571429,10.0678571428571,0.935714285714286,0.285714285714286,0.906158357771261,0.382142857142857,0.0678571428571429,0.285714285714286,0.167857142857143,0.217857142857143,0.0107142857142857,0.00357142857142857,0.292857142857143,0.246428571428571,0.0214285714285714,28.0107142857143,4.47761194029851,"Defense"
"GeT_RiGhT",720,200,-7,234,159,90,84,451,4,3355,198,51,450,32,3,31,18,23,0,11,1,80,68,3,5059,"20",3.6,-0.035,1.17,0.795,0.42,0.45,2.255,0.02,16.775,0.99,0.255,1.47169811320755,0.16,0.015,0.155,0.09,0.115,0,0.005,0.4,0.34,0.015,25.295,4.44444444444444,"Defense"
"Wanye",1018,236,51,316,181,116,104,746,10,4235,272,70,522,31,6,33,23,37,2,6,0,144,123,1,5571,"20",4.3135593220339,0.216101694915254,1.33898305084746,0.766949152542373,0.440677966101695,0.491525423728814,3.16101694915254,0.0423728813559322,17.9449152542373,1.15254237288136,0.296610169491525,1.74585635359116,0.13135593220339,0.0254237288135593,0.139830508474576,0.0974576271186441,0.156779661016949,0.00847457627118644,0,0.610169491525424,0.521186440677966,0.00423728813559322,23.6059322033898,8.62068965517241,"Defense"
"Gryff",1205,280,-11,390,248,168,147,983,16,4011,334,76,576,58,8,62,37,35,4,14,0,143,141,4,7295,"21",4.30357142857143,-0.0392857142857143,1.39285714285714,0.885714285714286,0.525,0.6,3.51071428571429,0.0571428571428571,14.325,1.19285714285714,0.271428571428571,1.57258064516129,0.207142857142857,0.0285714285714286,0.221428571428571,0.132142857142857,0.125,0.0142857142857143,0,0.510714285714286,0.503571428571429,0.0142857142857143,26.0535714285714,9.52380952380952,"Defense"
"Curry",1065,280,8,401,260,156,141,890,11,4211,356,56,576,54,6,46,28,34,2,23,0,173,145,0,7165,"21",3.80357142857143,0.0285714285714286,1.43214285714286,0.928571428571429,0.503571428571429,0.557142857142857,3.17857142857143,0.0392857142857143,15.0392857142857,1.27142857142857,0.2,1.54230769230769,0.192857142857143,0.0214285714285714,0.164285714285714,0.1,0.121428571428571,0.00714285714285714,0,0.617857142857143,0.517857142857143,0,25.5892857142857,7.05128205128205,"Defense"
"ccga4",999,280,-14,284,287,217,199,1406,15,3035,235,62,576,71,12,76,45,50,4,25,0,85,85,3,7548,"21",3.56785714285714,-0.05,1.01428571428571,1.025,0.710714285714286,0.775,5.02142857142857,0.0535714285714286,10.8392857142857,0.839285714285714,0.221428571428571,0.989547038327526,0.253571428571429,0.0428571428571429,0.271428571428571,0.160714285714286,0.178571428571429,0.0142857142857143,0,0.303571428571429,0.303571428571429,0.0107142857142857,26.9571428571429,6.91244239631336,"Defense"
"Ty",1372,280,37,425,230,143,125,922,16,4890,358,98,576,46,7,54,28,29,3,16,1,166,146,6,6662,"21",4.9,0.132142857142857,1.51785714285714,0.821428571428571,0.446428571428571,0.510714285714286,3.29285714285714,0.0571428571428571,17.4642857142857,1.27857142857143,0.35,1.84782608695652,0.164285714285714,0.025,0.192857142857143,0.1,0.103571428571429,0.0107142857142857,0.00357142857142857,0.592857142857143,0.521428571428571,0.0214285714285714,23.7928571428571,11.1888111888112,"Defense"
"grumpy",1156,280,37,357,190,117,106,654,9,5180,299,72,576,38,4,41,29,25,0,16,2,123,118,2,6662,"21",4.12857142857143,0.132142857142857,1.275,0.678571428571429,0.378571428571429,0.417857142857143,2.33571428571429,0.0321428571428571,18.5,1.06785714285714,0.257142857142857,1.87894736842105,0.135714285714286,0.0142857142857143,0.146428571428571,0.103571428571429,0.0892857142857143,0,0.00714285714285714,0.439285714285714,0.421428571428571,0.00714285714285714,23.7928571428571,7.69230769230769,"Defense"
"PingPrisoner",958,240,-41,355,70,23,22,170,2,4581,302,59,486,7,2,8,4,1,0,4,1,147,127,3,5504,"21",3.99166666666667,-0.170833333333333,1.47916666666667,0.291666666666667,0.0916666666666667,0.0958333333333333,0.708333333333333,0.00833333333333333,19.0875,1.25833333333333,0.245833333333333,5.07142857142857,0.0291666666666667,0.00833333333333333,0.0333333333333333,0.0166666666666667,0.00416666666666667,0,0.00416666666666667,0.6125,0.529166666666667,0.0125,22.9333333333333,8.69565217391304,"Defense"
"EGGO",965,270,-20,303,294,225,206,1213,14,2698,247,79,549,68,6,55,38,47,4,23,1,104,96,0,7597,"21",3.57407407407407,-0.0740740740740741,1.12222222222222,1.08888888888889,0.762962962962963,0.833333333333333,4.49259259259259,0.0518518518518519,9.99259259259259,0.914814814814815,0.292592592592593,1.03061224489796,0.251851851851852,0.0222222222222222,0.203703703703704,0.140740740740741,0.174074074074074,0.0148148148148148,0.0037037037037037,0.385185185185185,0.355555555555556,0,28.137037037037,6.22222222222222,"Defense"
"CB13",624,160,-29,219,161,112,102,670,9,1827,197,41,342,31,4,28,20,23,2,8,2,91,76,4,4082,"21",3.9,-0.18125,1.36875,1.00625,0.6375,0.7,4.1875,0.05625,11.41875,1.23125,0.25625,1.36024844720497,0.19375,0.025,0.175,0.125,0.14375,0.0125,0.0125,0.56875,0.475,0.025,25.5125,8.03571428571429,"Defense"
"Doris",1026,240,-6,381,199,131,118,812,11,3816,336,59,486,35,5,35,23,31,3,14,0,161,136,4,6294,"21",4.275,-0.025,1.5875,0.829166666666667,0.491666666666667,0.545833333333333,3.38333333333333,0.0458333333333333,15.9,1.4,0.245833333333333,1.91457286432161,0.145833333333333,0.0208333333333333,0.145833333333333,0.0958333333333333,0.129166666666667,0.0125,0,0.670833333333333,0.566666666666667,0.0166666666666667,26.225,8.3969465648855,"Defense"
"Pandora",768,200,-8,240,191,119,114,619,5,3076,198,59,432,52,5,33,26,27,2,11,0,89,67,0,5182,"21",3.84,-0.04,1.2,0.955,0.57,0.595,3.095,0.025,15.38,0.99,0.295,1.2565445026178,0.26,0.025,0.165,0.13,0.135,0.01,0,0.445,0.335,0,25.91,4.20168067226891,"Defense"
"777z",548,140,-7,206,103,57,55,330,1,2366,170,32,288,17,3,18,11,9,1,2,0,63,62,1,3683,"21",3.91428571428571,-0.05,1.47142857142857,0.735714285714286,0.392857142857143,0.407142857142857,2.35714285714286,0.00714285714285714,16.9,1.21428571428571,0.228571428571429,2,0.121428571428571,0.0214285714285714,0.128571428571429,0.0785714285714286,0.0642857142857143,0.00714285714285714,0,0.45,0.442857142857143,0.00714285714285714,26.3071428571429,1.75438596491228,"Defense"
"Spjork",1173,280,16,400,285,175,159,793,15,4134,339,70,576,62,4,47,34,40,4,23,2,133,100,4,7041,"21",4.18928571428571,0.0571428571428571,1.42857142857143,1.01785714285714,0.567857142857143,0.625,2.83214285714286,0.0535714285714286,14.7642857142857,1.21071428571429,0.25,1.40350877192982,0.221428571428571,0.0142857142857143,0.167857142857143,0.121428571428571,0.142857142857143,0.0142857142857143,0.00714285714285714,0.475,0.357142857142857,0.0142857142857143,25.1464285714286,8.57142857142857,"Defense"
"yiss",624,160,4,213,116,41,37,247,4,2976,184,38,342,19,5,13,9,15,2,2,0,94,73,1,3670,"21",3.9,0.025,1.33125,0.725,0.23125,0.25625,1.54375,0.025,18.6,1.15,0.2375,1.83620689655172,0.11875,0.03125,0.08125,0.05625,0.09375,0.0125,0,0.5875,0.45625,0.00625,22.9375,9.75609756097561,"Defense"
"Wanye",1194,268,22,389,208,112,97,830,14,4811,337,72,549,38,9,38,29,32,4,10,2,169,159,1,6599,"21",4.45522388059702,0.082089552238806,1.45149253731343,0.776119402985075,0.361940298507463,0.417910447761194,3.09701492537313,0.0522388059701493,17.9514925373134,1.25746268656716,0.26865671641791,1.87019230769231,0.141791044776119,0.0335820895522388,0.141791044776119,0.108208955223881,0.119402985074627,0.0149253731343284,0.00746268656716418,0.630597014925373,0.593283582089552,0.00373134328358209,24.6231343283582,12.5,"Defense"
"Djinni",1233,280,16,396,227,148,133,948,13,4994,341,87,576,44,8,53,29,42,1,13,1,165,154,2,7041,"21",4.40357142857143,0.0571428571428571,1.41428571428571,0.810714285714286,0.475,0.528571428571429,3.38571428571429,0.0464285714285714,17.8357142857143,1.21785714285714,0.310714285714286,1.74449339207048,0.157142857142857,0.0285714285714286,0.189285714285714,0.103571428571429,0.15,0.00357142857142857,0.00357142857142857,0.589285714285714,0.55,0.00714285714285714,25.1464285714286,8.78378378378378,"Defense"
"meX",1415,280,45,546,163,75,67,334,8,5420,462,93,576,34,1,23,13,12,2,3,0,222,214,2,5574,"21",5.05357142857143,0.160714285714286,1.95,0.582142857142857,0.239285714285714,0.267857142857143,1.19285714285714,0.0285714285714286,19.3571428571429,1.65,0.332142857142857,3.34969325153374,0.121428571428571,0.00357142857142857,0.0821428571428571,0.0464285714285714,0.0428571428571429,0.00714285714285714,0,0.792857142857143,0.764285714285714,0.00714285714285714,19.9071428571429,10.6666666666667,"Defense"
"Frothy",1232,280,45,414,180,78,69,391,8,5530,368,52,576,27,1,20,15,26,3,1,0,202,186,5,5574,"21",4.4,0.160714285714286,1.47857142857143,0.642857142857143,0.246428571428571,0.278571428571429,1.39642857142857,0.0285714285714286,19.75,1.31428571428571,0.185714285714286,2.3,0.0964285714285714,0.00357142857142857,0.0714285714285714,0.0535714285714286,0.0928571428571429,0.0107142857142857,0,0.721428571428571,0.664285714285714,0.0178571428571429,19.9071428571429,10.2564102564103,"Defense"
"Armbranch",1152,280,-24,450,252,135,128,732,7,4484,381,74,576,47,5,23,15,38,3,11,0,195,181,4,7153,"21",4.11428571428571,-0.0857142857142857,1.60714285714286,0.9,0.457142857142857,0.482142857142857,2.61428571428571,0.025,16.0142857142857,1.36071428571429,0.264285714285714,1.78571428571429,0.167857142857143,0.0178571428571429,0.0821428571428571,0.0535714285714286,0.135714285714286,0.0107142857142857,0,0.696428571428571,0.646428571428571,0.0142857142857143,25.5464285714286,5.18518518518519,"Defense"
"waterwheel",1044,277,-33,341,273,181,161,1128,18,3700,273,79,576,59,12,36,24,41,6,24,3,119,98,3,7567,"21",3.76895306859206,-0.11913357400722,1.23104693140794,0.985559566787004,0.581227436823105,0.653429602888087,4.07220216606498,0.0649819494584837,13.3574007220217,0.985559566787004,0.285198555956679,1.24908424908425,0.212996389891697,0.0433212996389892,0.129963898916967,0.0866425992779783,0.148014440433213,0.0216606498194946,0.0108303249097473,0.429602888086643,0.353790613718412,0.0108303249097473,27.3176895306859,9.94475138121547,"Defense"
"Misaki",1131,280,-1,367,215,152,137,976,12,5181,304,69,576,54,11,47,33,39,5,20,1,133,117,5,6597,"21",4.03928571428571,-0.00357142857142857,1.31071428571429,0.767857142857143,0.489285714285714,0.542857142857143,3.48571428571429,0.0428571428571429,18.5035714285714,1.08571428571429,0.246428571428571,1.70697674418605,0.192857142857143,0.0392857142857143,0.167857142857143,0.117857142857143,0.139285714285714,0.0178571428571429,0.00357142857142857,0.475,0.417857142857143,0.0178571428571429,23.5607142857143,7.89473684210526,"Defense"
"C Bivvey",803,200,-20,287,190,111,104,510,7,3073,255,47,432,40,0,32,18,25,3,10,0,122,113,3,5384,"21",4.015,-0.1,1.435,0.95,0.52,0.555,2.55,0.035,15.365,1.275,0.235,1.51052631578947,0.2,0,0.16,0.09,0.125,0.015,0,0.61,0.565,0.015,26.92,6.30630630630631,"Defense"
"RacgiMan",1143,280,-1,367,258,157,142,829,12,4930,297,70,576,51,7,42,28,46,4,15,3,124,105,1,6597,"21",4.08214285714286,-0.00357142857142857,1.31071428571429,0.921428571428571,0.507142857142857,0.560714285714286,2.96071428571429,0.0428571428571429,17.6071428571429,1.06071428571429,0.25,1.42248062015504,0.182142857142857,0.025,0.15,0.1,0.164285714285714,0.0142857142857143,0.0107142857142857,0.442857142857143,0.375,0.00357142857142857,23.5607142857143,7.64331210191083,"Defense"
"NEB.",594,170,-3,164,220,158,143,836,11,1591,125,55,342,54,5,39,27,34,3,10,0,50,44,0,4531,"21",3.49411764705882,-0.0176470588235294,0.964705882352941,1.29411764705882,0.841176470588235,0.929411764705882,4.91764705882353,0.0647058823529412,9.35882352941177,0.735294117647059,0.323529411764706,0.745454545454545,0.317647058823529,0.0294117647058824,0.229411764705882,0.158823529411765,0.2,0.0176470588235294,0,0.294117647058824,0.258823529411765,0,26.6529411764706,6.9620253164557,"Defense"
"Suchit",547,120,7,185,117,92,76,616,14,1677,148,30,216,25,4,23,15,23,2,13,1,71,66,3,3053,"21",4.55833333333333,0.0583333333333333,1.54166666666667,0.975,0.633333333333333,0.766666666666667,5.13333333333333,0.116666666666667,13.975,1.23333333333333,0.25,1.58119658119658,0.208333333333333,0.0333333333333333,0.191666666666667,0.125,0.191666666666667,0.0166666666666667,0.00833333333333333,0.591666666666667,0.55,0.025,25.4416666666667,15.2173913043478,"Defense"
"FLY",525,140,-13,195,133,70,66,447,4,1774,162,32,288,26,4,20,10,16,2,7,0,72,62,3,4013,"21",3.75,-0.0928571428571429,1.39285714285714,0.95,0.471428571428571,0.5,3.19285714285714,0.0285714285714286,12.6714285714286,1.15714285714286,0.228571428571429,1.46616541353383,0.185714285714286,0.0285714285714286,0.142857142857143,0.0714285714285714,0.114285714285714,0.0142857142857143,0,0.514285714285714,0.442857142857143,0.0214285714285714,28.6642857142857,5.71428571428571,"Defense"
"hz",491,120,18,146,112,72,62,562,9,1872,136,19,234,17,7,17,9,25,6,5,0,66,60,0,3082,"21",4.09166666666667,0.15,1.21666666666667,0.933333333333333,0.516666666666667,0.6,4.68333333333333,0.075,15.6,1.13333333333333,0.158333333333333,1.30357142857143,0.141666666666667,0.0583333333333333,0.141666666666667,0.075,0.208333333333333,0.05,0,0.55,0.5,0,25.6833333333333,12.5,"Defense"
"GeT_RiGhT",416,120,-9,164,121,71,66,332,4,1522,139,29,234,25,2,23,12,10,0,9,0,62,58,2,3578,"21",3.46666666666667,-0.075,1.36666666666667,1.00833333333333,0.55,0.591666666666667,2.76666666666667,0.0333333333333333,12.6833333333333,1.15833333333333,0.241666666666667,1.35537190082645,0.208333333333333,0.0166666666666667,0.191666666666667,0.1,0.0833333333333333,0,0,0.516666666666667,0.483333333333333,0.0166666666666667,29.8166666666667,5.63380281690141,"Defense"
"aaron",1184,280,17,474,288,169,155,1048,12,4007,367,99,612,59,12,51,33,30,5,25,1,173,151,3,7203,"22",4.22857142857143,0.0607142857142857,1.69285714285714,1.02857142857143,0.553571428571429,0.603571428571429,3.74285714285714,0.0428571428571429,14.3107142857143,1.31071428571429,0.353571428571429,1.64583333333333,0.210714285714286,0.0428571428571429,0.182142857142857,0.117857142857143,0.107142857142857,0.0178571428571429,0.00357142857142857,0.617857142857143,0.539285714285714,0.0107142857142857,25.725,7.10059171597633,"Defense"
"Arbybear",1061,280,-32,431,272,157,148,658,8,4856,377,49,612,66,0,49,27,43,6,14,0,187,179,0,7092,"22",3.78928571428571,-0.114285714285714,1.53928571428571,0.971428571428571,0.528571428571429,0.560714285714286,2.35,0.0285714285714286,17.3428571428571,1.34642857142857,0.175,1.58455882352941,0.235714285714286,0,0.175,0.0964285714285714,0.153571428571429,0.0214285714285714,0,0.667857142857143,0.639285714285714,0,25.3285714285714,5.09554140127389,"Defense"
"Djinni",642,160,11,197,138,109,97,668,11,2093,166,45,342,27,6,30,13,34,5,7,0,52,55,5,4144,"22",4.0125,0.06875,1.23125,0.8625,0.60625,0.68125,4.175,0.06875,13.08125,1.0375,0.28125,1.42753623188406,0.16875,0.0375,0.1875,0.08125,0.2125,0.03125,0,0.325,0.34375,0.03125,25.9,10.0917431192661,"Defense"
"Curry",786,260,-29,313,279,185,179,973,5,3755,284,43,567,71,8,64,33,39,1,20,1,129,104,5,6752,"22",3.02307692307692,-0.111538461538462,1.20384615384615,1.07307692307692,0.688461538461538,0.711538461538462,3.74230769230769,0.0192307692307692,14.4423076923077,1.09230769230769,0.165384615384615,1.12186379928315,0.273076923076923,0.0307692307692308,0.246153846153846,0.126923076923077,0.15,0.00384615384615385,0.00384615384615385,0.496153846153846,0.4,0.0192307692307692,25.9692307692308,2.7027027027027,"Defense"
"OldRoller",1226,280,13,415,277,195,173,1588,21,3647,348,80,612,65,22,69,47,43,5,22,2,153,154,5,7795,"22",4.37857142857143,0.0464285714285714,1.48214285714286,0.989285714285714,0.617857142857143,0.696428571428571,5.67142857142857,0.075,13.025,1.24285714285714,0.285714285714286,1.49819494584838,0.232142857142857,0.0785714285714286,0.246428571428571,0.167857142857143,0.153571428571429,0.0178571428571429,0.00714285714285714,0.546428571428571,0.55,0.0178571428571429,27.8392857142857,10.7692307692308,"Defense"
"Altiger",1027,280,33,385,324,241,226,1659,12,2182,318,84,612,85,21,58,46,72,5,27,2,112,101,5,7236,"22",3.66785714285714,0.117857142857143,1.375,1.15714285714286,0.807142857142857,0.860714285714286,5.925,0.0428571428571429,7.79285714285714,1.13571428571429,0.3,1.18827160493827,0.303571428571429,0.075,0.207142857142857,0.164285714285714,0.257142857142857,0.0178571428571429,0.00714285714285714,0.4,0.360714285714286,0.0178571428571429,25.8428571428571,4.9792531120332,"Defense"
"q42",1061,280,13,356,271,168,157,1051,9,4144,288,72,612,48,6,67,47,59,6,21,0,145,132,3,7389,"22",3.78928571428571,0.0464285714285714,1.27142857142857,0.967857142857143,0.560714285714286,0.6,3.75357142857143,0.0321428571428571,14.8,1.02857142857143,0.257142857142857,1.31365313653137,0.171428571428571,0.0214285714285714,0.239285714285714,0.167857142857143,0.210714285714286,0.0214285714285714,0,0.517857142857143,0.471428571428571,0.0107142857142857,26.3892857142857,5.35714285714286,"Defense"
"DT",1337,280,33,462,251,209,175,1451,28,3977,363,94,612,45,12,72,41,46,6,21,6,169,150,6,7236,"22",4.775,0.117857142857143,1.65,0.896428571428571,0.625,0.746428571428571,5.18214285714286,0.1,14.2035714285714,1.29642857142857,0.335714285714286,1.8406374501992,0.160714285714286,0.0428571428571429,0.257142857142857,0.146428571428571,0.164285714285714,0.0214285714285714,0.0214285714285714,0.603571428571429,0.535714285714286,0.0214285714285714,25.8428571428571,13.3971291866029,"Defense"
"TomatoFarmer",516,120,4,192,23,3,3,43,0,2659,158,35,252,0,1,2,1,0,0,0,0,76,70,0,2480,"22",4.3,0.0333333333333333,1.6,0.191666666666667,0.025,0.025,0.358333333333333,0,22.1583333333333,1.31666666666667,0.291666666666667,8.34782608695652,0,0.00833333333333333,0.0166666666666667,0.00833333333333333,0,0,0,0.633333333333333,0.583333333333333,0,20.6666666666667,0,"Defense"
"mex",1388,280,6,520,198,133,114,808,18,4464,456,95,612,41,6,49,30,26,1,12,1,192,198,1,6742,"22",4.95714285714286,0.0214285714285714,1.85714285714286,0.707142857142857,0.407142857142857,0.475,2.88571428571429,0.0642857142857143,15.9428571428571,1.62857142857143,0.339285714285714,2.62626262626263,0.146428571428571,0.0214285714285714,0.175,0.107142857142857,0.0928571428571429,0.00357142857142857,0.00357142857142857,0.685714285714286,0.707142857142857,0.00357142857142857,24.0785714285714,13.5338345864662,"Defense"
"thenewguy.",1269,280,25,465,263,168,156,1195,9,4443,384,93,612,53,9,44,34,41,3,11,3,151,146,5,6985,"22",4.53214285714286,0.0892857142857143,1.66071428571429,0.939285714285714,0.557142857142857,0.6,4.26785714285714,0.0321428571428571,15.8678571428571,1.37142857142857,0.332142857142857,1.7680608365019,0.189285714285714,0.0321428571428571,0.157142857142857,0.121428571428571,0.146428571428571,0.0107142857142857,0.0107142857142857,0.539285714285714,0.521428571428571,0.0178571428571429,24.9464285714286,5.35714285714286,"Defense"
"Eashy",467,120,8,149,78,44,40,298,3,2403,130,27,252,8,2,17,14,11,1,5,0,60,40,0,2652,"22",3.89166666666667,0.0666666666666667,1.24166666666667,0.65,0.333333333333333,0.366666666666667,2.48333333333333,0.025,20.025,1.08333333333333,0.225,1.91025641025641,0.0666666666666667,0.0166666666666667,0.141666666666667,0.116666666666667,0.0916666666666667,0.00833333333333333,0,0.5,0.333333333333333,0,22.1,6.81818181818182,"Defense"
"Crippy",1213,280,-5,445,302,240,222,1315,15,3839,387,79,612,78,7,80,50,29,3,28,3,151,140,3,7298,"22",4.33214285714286,-0.0178571428571429,1.58928571428571,1.07857142857143,0.792857142857143,0.857142857142857,4.69642857142857,0.0535714285714286,13.7107142857143,1.38214285714286,0.282142857142857,1.47350993377483,0.278571428571429,0.025,0.285714285714286,0.178571428571429,0.103571428571429,0.0107142857142857,0.0107142857142857,0.539285714285714,0.5,0.0107142857142857,26.0642857142857,6.25,"Defense"
"waterwheel",449,120,5,125,105,72,65,446,7,1768,106,38,270,21,3,22,15,22,2,6,0,46,44,1,3051,"22",3.74166666666667,0.0416666666666667,1.04166666666667,0.875,0.541666666666667,0.6,3.71666666666667,0.0583333333333333,14.7333333333333,0.883333333333333,0.316666666666667,1.19047619047619,0.175,0.025,0.183333333333333,0.125,0.183333333333333,0.0166666666666667,0,0.383333333333333,0.366666666666667,0.00833333333333333,25.425,9.72222222222222,"Defense"
"Doris",542,120,-17,202,99,64,57,304,5,1764,172,45,252,25,2,16,9,19,2,6,0,71,62,1,3160,"22",4.51666666666667,-0.141666666666667,1.68333333333333,0.825,0.475,0.533333333333333,2.53333333333333,0.0416666666666667,14.7,1.43333333333333,0.375,2.04040404040404,0.208333333333333,0.0166666666666667,0.133333333333333,0.075,0.158333333333333,0.0166666666666667,0,0.591666666666667,0.516666666666667,0.00833333333333333,26.3333333333333,7.8125,"Defense"
"ref",843,240,-19,281,293,201,187,1301,13,2774,227,68,522,60,11,58,39,53,5,24,1,104,88,4,6227,"22",3.5125,-0.0791666666666667,1.17083333333333,1.22083333333333,0.779166666666667,0.8375,5.42083333333333,0.0541666666666667,11.5583333333333,0.945833333333333,0.283333333333333,0.959044368600683,0.25,0.0458333333333333,0.241666666666667,0.1625,0.220833333333333,0.0208333333333333,0.00416666666666667,0.433333333333333,0.366666666666667,0.0166666666666667,25.9458333333333,6.46766169154229,"Defense"
"omar",780,200,20,276,206,134,122,735,12,2701,233,53,450,51,8,38,23,33,3,14,1,110,95,2,5475,"22",3.9,0.1,1.38,1.03,0.61,0.67,3.675,0.06,13.505,1.165,0.265,1.33980582524272,0.255,0.04,0.19,0.115,0.165,0.015,0.005,0.55,0.475,0.01,27.375,8.95522388059701,"Defense"
"Zig!",492,131,-25,155,116,75,70,443,4,2177,142,19,297,27,3,22,16,25,0,10,1,66,68,1,3758,"22",3.75572519083969,-0.190839694656489,1.18320610687023,0.885496183206107,0.534351145038168,0.572519083969466,3.38167938931298,0.0305343511450382,16.618320610687,1.08396946564885,0.145038167938931,1.33620689655172,0.206106870229008,0.0229007633587786,0.16793893129771,0.122137404580153,0.190839694656489,0,0.00763358778625954,0.50381679389313,0.519083969465649,0.00763358778625954,28.6870229007634,5.33333333333333,"Defense"
"FM",677,160,2,291,123,91,84,590,7,2358,246,36,360,28,4,31,20,29,2,7,1,112,107,0,4262,"22",4.23125,0.0125,1.81875,0.76875,0.525,0.56875,3.6875,0.04375,14.7375,1.5375,0.225,2.36585365853659,0.175,0.025,0.19375,0.125,0.18125,0.0125,0.00625,0.7,0.66875,0,26.6375,7.69230769230769,"Defense"
"Wanye",418,120,-22,136,162,145,133,868,11,1137,117,26,270,49,8,53,25,30,3,18,1,49,43,5,3429,"22",3.48333333333333,-0.183333333333333,1.13333333333333,1.35,1.10833333333333,1.20833333333333,7.23333333333333,0.0916666666666667,9.475,0.975,0.216666666666667,0.839506172839506,0.408333333333333,0.0666666666666667,0.441666666666667,0.208333333333333,0.25,0.025,0.00833333333333333,0.408333333333333,0.358333333333333,0.0416666666666667,28.575,7.58620689655172,"Defense"
"grunt",553,120,6,197,124,81,69,442,11,1913,162,40,270,25,1,29,23,16,1,9,4,85,78,1,3059,"22",4.60833333333333,0.05,1.64166666666667,1.03333333333333,0.575,0.675,3.68333333333333,0.0916666666666667,15.9416666666667,1.35,0.333333333333333,1.58870967741935,0.208333333333333,0.00833333333333333,0.241666666666667,0.191666666666667,0.133333333333333,0.00833333333333333,0.0333333333333333,0.708333333333333,0.65,0.00833333333333333,25.4916666666667,13.5802469135802,"Defense"
"NEB.",1118,280,-1,352,278,163,149,1066,13,3660,289,75,612,48,13,42,25,45,2,11,0,119,108,7,7855,"23",3.99285714285714,-0.00357142857142857,1.25714285714286,0.992857142857143,0.532142857142857,0.582142857142857,3.80714285714286,0.0464285714285714,13.0714285714286,1.03214285714286,0.267857142857143,1.26618705035971,0.171428571428571,0.0464285714285714,0.15,0.0892857142857143,0.160714285714286,0.00714285714285714,0,0.425,0.385714285714286,0.025,28.0535714285714,7.97546012269939,"Defense"
"top kekker",1153,280,-2,388,253,143,132,723,8,5017,317,81,612,48,3,39,23,34,0,18,0,133,128,3,6720,"23",4.11785714285714,-0.00714285714285714,1.38571428571429,0.903571428571429,0.471428571428571,0.510714285714286,2.58214285714286,0.0285714285714286,17.9178571428571,1.13214285714286,0.289285714285714,1.53359683794466,0.171428571428571,0.0107142857142857,0.139285714285714,0.0821428571428571,0.121428571428571,0,0,0.475,0.457142857142857,0.0107142857142857,24,5.59440559440559,"Defense"
"YuuStare",609,160,-11,197,127,66,61,470,3,2300,172,38,342,25,7,20,15,11,1,9,1,64,53,1,4635,"23",3.80625,-0.06875,1.23125,0.79375,0.38125,0.4125,2.9375,0.01875,14.375,1.075,0.2375,1.5511811023622,0.15625,0.04375,0.125,0.09375,0.06875,0.00625,0.00625,0.4,0.33125,0.00625,28.96875,4.54545454545455,"Defense"
"grumpy",1070,280,-2,356,235,141,129,794,11,4704,292,59,612,45,4,54,20,29,2,17,3,117,109,4,6720,"23",3.82142857142857,-0.00714285714285714,1.27142857142857,0.839285714285714,0.460714285714286,0.503571428571429,2.83571428571429,0.0392857142857143,16.8,1.04285714285714,0.210714285714286,1.51489361702128,0.160714285714286,0.0142857142857143,0.192857142857143,0.0714285714285714,0.103571428571429,0.00714285714285714,0.0107142857142857,0.417857142857143,0.389285714285714,0.0142857142857143,24,7.80141843971631,"Defense"
"FM",1145,280,27,360,230,147,136,1106,11,4544,303,71,612,44,13,51,30,43,6,12,1,139,129,1,6572,"23",4.08928571428571,0.0964285714285714,1.28571428571429,0.821428571428571,0.485714285714286,0.525,3.95,0.0392857142857143,16.2285714285714,1.08214285714286,0.253571428571429,1.56521739130435,0.157142857142857,0.0464285714285714,0.182142857142857,0.107142857142857,0.153571428571429,0.0214285714285714,0.00357142857142857,0.496428571428571,0.460714285714286,0.00357142857142857,23.4714285714286,7.48299319727891,"Defense"
"Xile",520,120,31,167,94,62,56,557,5,1932,145,29,252,10,5,20,10,19,3,4,0,67,54,1,3003,"23",4.33333333333333,0.258333333333333,1.39166666666667,0.783333333333333,0.466666666666667,0.516666666666667,4.64166666666667,0.0416666666666667,16.1,1.20833333333333,0.241666666666667,1.77659574468085,0.0833333333333333,0.0416666666666667,0.166666666666667,0.0833333333333333,0.158333333333333,0.025,0,0.558333333333333,0.45,0.00833333333333333,25.025,8.06451612903226,"Defense"
"Suchit",1279,280,52,364,281,206,179,1585,25,3643,312,81,612,44,15,62,40,83,9,16,4,126,114,0,7334,"23",4.56785714285714,0.185714285714286,1.3,1.00357142857143,0.639285714285714,0.735714285714286,5.66071428571429,0.0892857142857143,13.0107142857143,1.11428571428571,0.289285714285714,1.29537366548043,0.157142857142857,0.0535714285714286,0.221428571428571,0.142857142857143,0.296428571428571,0.0321428571428571,0.0142857142857143,0.45,0.407142857142857,0,26.1928571428571,12.1359223300971,"Defense"
"FK",1150,280,27,388,218,119,108,698,10,4862,338,64,612,30,6,39,28,31,2,7,0,150,126,0,6572,"23",4.10714285714286,0.0964285714285714,1.38571428571429,0.778571428571429,0.385714285714286,0.425,2.49285714285714,0.0357142857142857,17.3642857142857,1.20714285714286,0.228571428571429,1.77981651376147,0.107142857142857,0.0214285714285714,0.139285714285714,0.1,0.110714285714286,0.00714285714285714,0,0.535714285714286,0.45,0,23.4714285714286,8.40336134453782,"Defense"
"Bal McCartny",1027,280,-52,409,291,164,157,758,7,4063,370,67,612,63,3,46,30,45,3,15,0,182,154,4,7392,"23",3.66785714285714,-0.185714285714286,1.46071428571429,1.03928571428571,0.560714285714286,0.585714285714286,2.70714285714286,0.025,14.5107142857143,1.32142857142857,0.239285714285714,1.40549828178694,0.225,0.0107142857142857,0.164285714285714,0.107142857142857,0.160714285714286,0.0107142857142857,0,0.65,0.55,0.0142857142857143,26.4,4.26829268292683,"Defense"
"thenewguy.",1194,280,6,334,329,257,226,1646,27,3074,283,96,612,83,19,64,38,38,4,28,2,118,102,1,6787,"23",4.26428571428571,0.0214285714285714,1.19285714285714,1.175,0.807142857142857,0.917857142857143,5.87857142857143,0.0964285714285714,10.9785714285714,1.01071428571429,0.342857142857143,1.01519756838906,0.296428571428571,0.0678571428571429,0.228571428571429,0.135714285714286,0.135714285714286,0.0142857142857143,0.00714285714285714,0.421428571428571,0.364285714285714,0.00357142857142857,24.2392857142857,10.5058365758755,"Defense"
"Raven",1102,280,-24,356,250,189,173,1316,14,3297,297,86,612,46,9,48,28,46,6,12,2,135,122,0,7379,"23",3.93571428571429,-0.0857142857142857,1.27142857142857,0.892857142857143,0.617857142857143,0.675,4.7,0.05,11.775,1.06071428571429,0.307142857142857,1.424,0.164285714285714,0.0321428571428571,0.171428571428571,0.1,0.164285714285714,0.0214285714285714,0.00714285714285714,0.482142857142857,0.435714285714286,0,26.3535714285714,7.40740740740741,"Defense"
"aaron",1153,280,-24,378,268,152,138,888,13,3819,307,95,612,60,9,57,30,24,1,18,2,147,125,3,7352,"23",4.11785714285714,-0.0857142857142857,1.35,0.957142857142857,0.492857142857143,0.542857142857143,3.17142857142857,0.0464285714285714,13.6392857142857,1.09642857142857,0.339285714285714,1.41044776119403,0.214285714285714,0.0321428571428571,0.203571428571429,0.107142857142857,0.0857142857142857,0.00357142857142857,0.00714285714285714,0.525,0.446428571428571,0.0107142857142857,26.2571428571429,8.55263157894737,"Defense"
"aardvark",708,239,-58,248,306,210,194,1105,15,1917,194,54,504,79,11,47,28,33,2,24,3,60,59,6,6288,"23",2.96234309623431,-0.242677824267782,1.03765690376569,1.28033472803347,0.811715481171548,0.878661087866109,4.6234309623431,0.0627615062761506,8.02092050209205,0.811715481171548,0.225941422594142,0.810457516339869,0.330543933054393,0.0460251046025105,0.196652719665272,0.117154811715481,0.138075313807531,0.00836820083682008,0.0125523012552301,0.251046025104602,0.246861924686192,0.0251046025104603,26.3096234309623,7.14285714285714,"Defense"
"DAD.",1063,280,15,271,280,238,210,1715,22,2214,217,79,612,60,16,84,58,48,5,19,1,51,52,6,7887,"23",3.79642857142857,0.0535714285714286,0.967857142857143,1,0.75,0.85,6.125,0.0785714285714286,7.90714285714286,0.775,0.282142857142857,0.967857142857143,0.214285714285714,0.0571428571428571,0.3,0.207142857142857,0.171428571428571,0.0178571428571429,0.00357142857142857,0.182142857142857,0.185714285714286,0.0214285714285714,28.1678571428571,9.2436974789916,"Defense"
"BALLDON'TLIE",1178,280,-25,372,286,228,202,1740,26,2870,298,97,612,62,19,73,44,62,9,26,4,123,109,2,7976,"23",4.20714285714286,-0.0892857142857143,1.32857142857143,1.02142857142857,0.721428571428571,0.814285714285714,6.21428571428571,0.0928571428571429,10.25,1.06428571428571,0.346428571428571,1.3006993006993,0.221428571428571,0.0678571428571429,0.260714285714286,0.157142857142857,0.221428571428571,0.0321428571428571,0.0142857142857143,0.439285714285714,0.389285714285714,0.00714285714285714,28.4857142857143,11.4035087719298,"Defense"
"Ty",1221,280,15,374,289,217,196,1763,20,2864,296,106,612,69,22,70,51,47,5,13,0,102,87,6,7887,"23",4.36071428571429,0.0535714285714286,1.33571428571429,1.03214285714286,0.7,0.775,6.29642857142857,0.0714285714285714,10.2285714285714,1.05714285714286,0.378571428571429,1.29411764705882,0.246428571428571,0.0785714285714286,0.25,0.182142857142857,0.167857142857143,0.0178571428571429,0,0.364285714285714,0.310714285714286,0.0214285714285714,28.1678571428571,9.21658986175115,"Defense"
"BIG CLEFFA",1126,280,5,402,212,128,116,683,11,4167,347,62,612,49,4,39,22,38,7,8,0,148,138,1,7411,"23",4.02142857142857,0.0178571428571429,1.43571428571429,0.757142857142857,0.414285714285714,0.457142857142857,2.43928571428571,0.0392857142857143,14.8821428571429,1.23928571428571,0.221428571428571,1.89622641509434,0.175,0.0142857142857143,0.139285714285714,0.0785714285714286,0.135714285714286,0.025,0,0.528571428571429,0.492857142857143,0.00357142857142857,26.4678571428571,8.59375,"Defense"
"Pro Boat",661,160,21,207,189,117,108,834,8,2293,176,44,360,40,11,26,16,30,3,10,1,77,66,3,4331,"23",4.13125,0.13125,1.29375,1.18125,0.675,0.73125,5.2125,0.05,14.33125,1.1,0.275,1.0952380952381,0.25,0.06875,0.1625,0.1,0.1875,0.01875,0.00625,0.48125,0.4125,0.01875,27.06875,6.83760683760684,"Defense"
"Squeeb",473,120,0,128,124,97,84,560,10,1834,110,24,234,26,4,30,20,31,2,10,1,49,45,1,3170,"23",3.94166666666667,0,1.06666666666667,1.03333333333333,0.7,0.808333333333333,4.66666666666667,0.0833333333333333,15.2833333333333,0.916666666666667,0.2,1.03225806451613,0.216666666666667,0.0333333333333333,0.25,0.166666666666667,0.258333333333333,0.0166666666666667,0.00833333333333333,0.408333333333333,0.375,0.00833333333333333,26.4166666666667,10.3092783505155,"Defense"
"yawn",963,240,20,367,216,103,99,657,3,3940,310,75,486,36,5,37,23,30,3,14,0,141,116,3,5985,"24",4.0125,0.0833333333333333,1.52916666666667,0.9,0.4125,0.429166666666667,2.7375,0.0125,16.4166666666667,1.29166666666667,0.3125,1.69907407407407,0.15,0.0208333333333333,0.154166666666667,0.0958333333333333,0.125,0.0125,0,0.5875,0.483333333333333,0.0125,24.9375,2.9126213592233,"Defense"
"Armbranch",907,200,8,331,147,96,90,639,5,3651,285,55,396,32,5,23,19,30,1,10,0,156,150,1,4958,"24",4.535,0.04,1.655,0.735,0.45,0.48,3.195,0.025,18.255,1.425,0.275,2.25170068027211,0.16,0.025,0.115,0.095,0.15,0.005,0,0.78,0.75,0.005,24.79,5.20833333333333,"Defense"
"thenewguy.",1219,280,-4,444,280,192,176,1407,14,3811,363,79,576,58,15,46,33,44,7,16,0,161,130,2,7617,"24",4.35357142857143,-0.0142857142857143,1.58571428571429,1,0.628571428571429,0.685714285714286,5.025,0.05,13.6107142857143,1.29642857142857,0.282142857142857,1.58571428571429,0.207142857142857,0.0535714285714286,0.164285714285714,0.117857142857143,0.157142857142857,0.025,0,0.575,0.464285714285714,0.00714285714285714,27.2035714285714,7.29166666666667,"Defense"
"top kekker",1170,279,-13,403,260,164,151,910,13,4506,340,88,573,59,6,36,25,38,5,11,1,150,133,2,7191,"24",4.19354838709677,-0.046594982078853,1.44444444444444,0.931899641577061,0.541218637992832,0.587813620071685,3.26164874551971,0.046594982078853,16.1505376344086,1.21863799283154,0.315412186379928,1.55,0.211469534050179,0.021505376344086,0.129032258064516,0.0896057347670251,0.136200716845878,0.017921146953405,0.003584229390681,0.537634408602151,0.476702508960573,0.00716845878136201,25.7741935483871,7.92682926829268,"Defense"
"FM",1062,280,-28,410,270,171,162,928,6,4328,343,65,576,56,5,43,23,44,0,9,0,172,158,2,6761,"24",3.79285714285714,-0.1,1.46428571428571,0.964285714285714,0.578571428571429,0.610714285714286,3.31428571428571,0.0214285714285714,15.4571428571429,1.225,0.232142857142857,1.51851851851852,0.2,0.0178571428571429,0.153571428571429,0.0821428571428571,0.157142857142857,0,0,0.614285714285714,0.564285714285714,0.00714285714285714,24.1464285714286,3.50877192982456,"Defense"
"Ty",987,279,-34,317,300,246,225,1502,19,2002,252,70,573,74,14,69,45,50,7,17,0,97,85,3,7995,"24",3.53763440860215,-0.121863799283154,1.13620071684588,1.0752688172043,0.806451612903226,0.881720430107527,5.38351254480287,0.0681003584229391,7.17562724014337,0.903225806451613,0.25089605734767,1.05666666666667,0.265232974910394,0.0501792114695341,0.247311827956989,0.161290322580645,0.17921146953405,0.025089605734767,0,0.347670250896057,0.304659498207885,0.010752688172043,28.6559139784946,7.72357723577236,"Defense"
"aaron",1167,279,-13,413,278,179,162,1052,15,3767,355,75,573,61,13,50,28,24,3,15,1,142,124,2,7191,"24",4.18279569892473,-0.046594982078853,1.48028673835125,0.996415770609319,0.580645161290323,0.6415770609319,3.77060931899642,0.0537634408602151,13.5017921146953,1.27240143369176,0.268817204301075,1.48561151079137,0.218637992831541,0.046594982078853,0.17921146953405,0.100358422939068,0.0860215053763441,0.010752688172043,0.003584229390681,0.508960573476703,0.444444444444444,0.00716845878136201,25.7741935483871,8.37988826815642,"Defense"
"Cheetosrule",929,240,-25,247,334,275,245,1546,28,1918,206,61,484,90,15,71,45,42,6,30,2,68,66,0,6279,"24",3.87083333333333,-0.104166666666667,1.02916666666667,1.39166666666667,1.02083333333333,1.14583333333333,6.44166666666667,0.116666666666667,7.99166666666667,0.858333333333333,0.254166666666667,0.739520958083832,0.375,0.0625,0.295833333333333,0.1875,0.175,0.025,0.00833333333333333,0.283333333333333,0.275,0,26.1625,10.1818181818182,"Defense"
"HarkMollis",1275,279,34,431,259,207,187,1080,17,3768,379,76,575,67,4,70,49,62,6,14,0,146,127,2,7031,"24",4.56989247311828,0.121863799283154,1.54480286738351,0.92831541218638,0.670250896057348,0.741935483870968,3.87096774193548,0.0609318996415771,13.505376344086,1.3584229390681,0.272401433691756,1.66409266409266,0.240143369175627,0.014336917562724,0.25089605734767,0.175627240143369,0.222222222222222,0.021505376344086,0,0.523297491039427,0.455197132616487,0.00716845878136201,25.2007168458781,8.21256038647343,"Defense"
"Alphachurro",1130,279,34,307,224,136,125,873,9,4706,273,75,575,41,11,43,28,44,3,12,1,133,109,1,7031,"24",4.05017921146953,0.121863799283154,1.10035842293907,0.802867383512545,0.448028673835125,0.487455197132616,3.12903225806452,0.032258064516129,16.8673835125448,0.978494623655914,0.268817204301075,1.37053571428571,0.146953405017921,0.039426523297491,0.154121863799283,0.100358422939068,0.157706093189964,0.010752688172043,0.003584229390681,0.476702508960573,0.390681003584229,0.003584229390681,25.2007168458781,6.61764705882353,"Defense"
"St. Bernard",1095,280,-25,380,202,119,107,1016,10,4235,346,42,576,31,15,36,20,29,2,2,0,125,126,3,7891,"24",3.91071428571429,-0.0892857142857143,1.35714285714286,0.721428571428571,0.382142857142857,0.425,3.62857142857143,0.0357142857142857,15.125,1.23571428571429,0.15,1.88118811881188,0.110714285714286,0.0535714285714286,0.128571428571429,0.0714285714285714,0.103571428571429,0.00714285714285714,0,0.446428571428571,0.45,0.0107142857142857,28.1821428571429,8.40336134453782,"Defense"
"CarrotCake",1072,280,-7,372,262,198,179,1143,16,3840,296,65,576,62,7,54,39,46,5,20,0,148,133,3,7303,"24",3.82857142857143,-0.025,1.32857142857143,0.935714285714286,0.639285714285714,0.707142857142857,4.08214285714286,0.0571428571428571,13.7142857142857,1.05714285714286,0.232142857142857,1.41984732824427,0.221428571428571,0.025,0.192857142857143,0.139285714285714,0.164285714285714,0.0178571428571429,0,0.528571428571429,0.475,0.0107142857142857,26.0821428571429,8.08080808080808,"Defense"
"mex",1350,280,-26,541,157,99,87,541,9,4436,474,102,576,32,2,32,23,19,4,11,0,219,201,2,6820,"24",4.82142857142857,-0.0928571428571429,1.93214285714286,0.560714285714286,0.310714285714286,0.353571428571429,1.93214285714286,0.0321428571428571,15.8428571428571,1.69285714285714,0.364285714285714,3.44585987261146,0.114285714285714,0.00714285714285714,0.114285714285714,0.0821428571428571,0.0678571428571429,0.0142857142857143,0,0.782142857142857,0.717857142857143,0.00714285714285714,24.3571428571429,9.09090909090909,"Defense"
"glob.",1114,279,44,350,335,269,245,1707,19,2940,273,83,576,79,17,87,60,50,7,38,0,92,81,6,7374,"24",3.99283154121864,0.157706093189964,1.25448028673835,1.20071684587814,0.878136200716846,0.96415770609319,6.11827956989247,0.0681003584229391,10.5376344086022,0.978494623655914,0.297491039426523,1.04477611940298,0.283154121863799,0.0609318996415771,0.311827956989247,0.21505376344086,0.17921146953405,0.025089605734767,0,0.329749103942652,0.290322580645161,0.021505376344086,26.4301075268817,7.0631970260223,"Defense"
"DT",1081,279,44,324,361,302,271,1893,29,2051,235,83,576,87,13,92,55,70,10,25,3,77,67,4,7374,"24",3.87455197132616,0.157706093189964,1.16129032258065,1.29390681003584,0.971326164874552,1.08243727598566,6.78494623655914,0.103942652329749,7.35125448028674,0.842293906810036,0.297491039426523,0.897506925207756,0.311827956989247,0.046594982078853,0.329749103942652,0.197132616487455,0.25089605734767,0.03584229390681,0.010752688172043,0.275985663082437,0.240143369175627,0.014336917562724,26.4301075268817,9.60264900662252,"Defense"
"FalleN",492,120,-14,175,97,68,61,387,5,1431,141,39,268,19,2,22,17,24,3,8,0,39,42,2,3482,"24",4.1,-0.116666666666667,1.45833333333333,0.808333333333333,0.508333333333333,0.566666666666667,3.225,0.0416666666666667,11.925,1.175,0.325,1.80412371134021,0.158333333333333,0.0166666666666667,0.183333333333333,0.141666666666667,0.2,0.025,0,0.325,0.35,0.0166666666666667,29.0166666666667,7.35294117647059,"Defense"
"Agency",1219,280,44,421,204,157,135,1010,17,4274,371,58,576,39,5,40,30,48,6,17,0,157,149,0,7374,"24",4.35357142857143,0.157142857142857,1.50357142857143,0.728571428571429,0.482142857142857,0.560714285714286,3.60714285714286,0.0607142857142857,15.2642857142857,1.325,0.207142857142857,2.06372549019608,0.139285714285714,0.0178571428571429,0.142857142857143,0.107142857142857,0.171428571428571,0.0214285714285714,0,0.560714285714286,0.532142857142857,0,26.3357142857143,10.828025477707,"Defense"
"Xile",982,240,12,310,242,173,157,1006,11,3619,265,58,486,62,11,45,28,38,3,26,0,115,96,3,6368,"24",4.09166666666667,0.05,1.29166666666667,1.00833333333333,0.654166666666667,0.720833333333333,4.19166666666667,0.0458333333333333,15.0791666666667,1.10416666666667,0.241666666666667,1.28099173553719,0.258333333333333,0.0458333333333333,0.1875,0.116666666666667,0.158333333333333,0.0125,0,0.479166666666667,0.4,0.0125,26.5333333333333,6.35838150289017,"Defense"
"aardvark",810,200,-30,315,157,114,105,587,7,2437,266,57,396,44,3,35,21,27,3,20,1,116,96,3,6108,"24",4.05,-0.15,1.575,0.785,0.525,0.57,2.935,0.035,12.185,1.33,0.285,2.00636942675159,0.22,0.015,0.175,0.105,0.135,0.015,0.005,0.58,0.48,0.015,30.54,6.14035087719298,"Defense"
